fecha,monto,cuenta,nombre_cuenta,categoria,centro_costo,concepto,referencia,moneda
2026-04-04,257500,BANK-OPER,Cuenta operativa,banco,GENERAL,Deposito de cobranza,BANK-001,MXN
2026-04-07,-176400,BANK-OPER,Cuenta operativa,banco,GENERAL,Pago a proveedor,BANK-002,MXN
2026-04-10,282500,BANK-OPER,Cuenta operativa,banco,GENERAL,Deposito de cobranza,BANK-003,MXN
2026-04-13,-194800,BANK-OPER,Cuenta operativa,banco,GENERAL,Pago a proveedor,BANK-004,MXN
2026-04-16,245000,BANK-OPER,Cuenta operativa,banco,GENERAL,Deposito de cobranza,BANK-005,MXN
2026-04-19,-213200,BANK-OPER,Cuenta operativa,banco,GENERAL,Pago a proveedor,BANK-006,MXN
2026-04-22,270000,BANK-OPER,Cuenta operativa,banco,GENERAL,Deposito de cobranza,BANK-007,MXN
2026-04-25,-167200,BANK-OPER,Cuenta operativa,banco,GENERAL,Pago a proveedor,BANK-008,MXN
2026-04-28,295000,BANK-OPER,Cuenta operativa,banco,GENERAL,Deposito de cobranza,BANK-009,MXN
2026-05-01,-185600,BANK-OPER,Cuenta operativa,banco,GENERAL,Pago a proveedor,BANK-010,MXN
2026-05-04,257500,BANK-OPER,Cuenta operativa,banco,GENERAL,Deposito de cobranza,BANK-011,MXN
2026-05-07,-204000,BANK-OPER,Cuenta operativa,banco,GENERAL,Pago a proveedor,BANK-012,MXN
2026-05-10,282500,BANK-OPER,Cuenta operativa,banco,GENERAL,Deposito de cobranza,BANK-013,MXN
2026-05-13,-158000,BANK-OPER,Cuenta operativa,banco,GENERAL,Pago a proveedor,BANK-014,MXN
2026-05-16,245000,BANK-OPER,Cuenta operativa,banco,GENERAL,Deposito de cobranza,BANK-015,MXN
2026-05-19,-176400,BANK-OPER,Cuenta operativa,banco,GENERAL,Pago a proveedor,BANK-016,MXN
2026-05-22,270000,BANK-OPER,Cuenta operativa,banco,GENERAL,Deposito de cobranza,BANK-017,MXN
2026-05-25,-194800,BANK-OPER,Cuenta operativa,banco,GENERAL,Pago a proveedor,BANK-018,MXN
2026-05-28,295000,BANK-OPER,Cuenta operativa,banco,GENERAL,Deposito de cobranza,BANK-019,MXN
2026-05-31,-213200,BANK-OPER,Cuenta operativa,banco,GENERAL,Pago a proveedor,BANK-020,MXN
2026-06-03,257500,BANK-OPER,Cuenta operativa,banco,GENERAL,Deposito de cobranza,BANK-021,MXN
2026-06-06,-167200,BANK-OPER,Cuenta operativa,banco,GENERAL,Pago a proveedor,BANK-022,MXN
2026-06-09,282500,BANK-OPER,Cuenta operativa,banco,GENERAL,Deposito de cobranza,BANK-023,MXN
2026-06-12,-185600,BANK-OPER,Cuenta operativa,banco,GENERAL,Pago a proveedor,BANK-024,MXN
2026-06-15,245000,BANK-OPER,Cuenta operativa,banco,GENERAL,Deposito de cobranza,BANK-025,MXN
2026-06-18,-204000,BANK-OPER,Cuenta operativa,banco,GENERAL,Pago a proveedor,BANK-026,MXN
2026-06-21,270000,BANK-OPER,Cuenta operativa,banco,GENERAL,Deposito de cobranza,BANK-027,MXN
2026-06-24,-158000,BANK-OPER,Cuenta operativa,banco,GENERAL,Pago a proveedor,BANK-028,MXN
2026-06-27,295000,BANK-OPER,Cuenta operativa,banco,GENERAL,Deposito de cobranza,BANK-029,MXN
2026-06-30,-176400,BANK-OPER,Cuenta operativa,banco,GENERAL,Pago a proveedor,BANK-030,MXN
2026-07-03,257500,BANK-OPER,Cuenta operativa,banco,GENERAL,Deposito de cobranza,BANK-031,MXN
2026-07-06,-194800,BANK-OPER,Cuenta operativa,banco,GENERAL,Pago a proveedor,BANK-032,MXN
2026-07-09,282500,BANK-OPER,Cuenta operativa,banco,GENERAL,Deposito de cobranza,BANK-033,MXN
2026-07-12,-213200,BANK-OPER,Cuenta operativa,banco,GENERAL,Pago a proveedor,BANK-034,MXN
2026-07-15,245000,BANK-OPER,Cuenta operativa,banco,GENERAL,Deposito de cobranza,BANK-035,MXN
2026-07-18,-167200,BANK-OPER,Cuenta operativa,banco,GENERAL,Pago a proveedor,BANK-036,MXN
2026-07-21,270000,BANK-OPER,Cuenta operativa,banco,GENERAL,Deposito de cobranza,BANK-037,MXN
2026-07-24,-185600,BANK-OPER,Cuenta operativa,banco,GENERAL,Pago a proveedor,BANK-038,MXN
2026-07-27,295000,BANK-OPER,Cuenta operativa,banco,GENERAL,Deposito de cobranza,BANK-039,MXN
2026-07-30,-204000,BANK-OPER,Cuenta operativa,banco,GENERAL,Pago a proveedor,BANK-040,MXN
2026-08-02,257500,BANK-OPER,Cuenta operativa,banco,GENERAL,Deposito de cobranza,BANK-041,MXN
2026-08-05,-158000,BANK-OPER,Cuenta operativa,banco,GENERAL,Pago a proveedor,BANK-042,MXN
2026-08-08,282500,BANK-OPER,Cuenta operativa,banco,GENERAL,Deposito de cobranza,BANK-043,MXN
2026-08-11,-176400,BANK-OPER,Cuenta operativa,banco,GENERAL,Pago a proveedor,BANK-044,MXN
2026-08-14,245000,BANK-OPER,Cuenta operativa,banco,GENERAL,Deposito de cobranza,BANK-045,MXN
2026-08-17,-194800,BANK-OPER,Cuenta operativa,banco,GENERAL,Pago a proveedor,BANK-046,MXN
2026-08-20,270000,BANK-OPER,Cuenta operativa,banco,GENERAL,Deposito de cobranza,BANK-047,MXN
2026-08-23,-213200,BANK-OPER,Cuenta operativa,banco,GENERAL,Pago a proveedor,BANK-048,MXN
2026-08-26,295000,BANK-OPER,Cuenta operativa,banco,GENERAL,Deposito de cobranza,BANK-049,MXN
2026-08-29,-167200,BANK-OPER,Cuenta operativa,banco,GENERAL,Pago a proveedor,BANK-050,MXN
2026-09-01,257500,BANK-OPER,Cuenta operativa,banco,GENERAL,Deposito de cobranza,BANK-051,MXN
2026-09-04,-185600,BANK-OPER,Cuenta operativa,banco,GENERAL,Pago a proveedor,BANK-052,MXN
2026-09-07,282500,BANK-OPER,Cuenta operativa,banco,GENERAL,Deposito de cobranza,BANK-053,MXN
2026-09-10,-204000,BANK-OPER,Cuenta operativa,banco,GENERAL,Pago a proveedor,BANK-054,MXN
2026-09-13,245000,BANK-OPER,Cuenta operativa,banco,GENERAL,Deposito de cobranza,BANK-055,MXN
2026-09-16,-158000,BANK-OPER,Cuenta operativa,banco,GENERAL,Pago a proveedor,BANK-056,MXN
2026-09-19,270000,BANK-OPER,Cuenta operativa,banco,GENERAL,Deposito de cobranza,BANK-057,MXN
2026-09-22,-176400,BANK-OPER,Cuenta operativa,banco,GENERAL,Pago a proveedor,BANK-058,MXN
2026-09-25,295000,BANK-OPER,Cuenta operativa,banco,GENERAL,Deposito de cobranza,BANK-059,MXN
2026-09-28,-194800,BANK-OPER,Cuenta operativa,banco,GENERAL,Pago a proveedor,BANK-060,MXN
2026-09-30,257500,BANK-OPER,Cuenta operativa,banco,GENERAL,Deposito de cobranza,BANK-061,MXN
